Volcano Name;Country;Last Known Eruption;Latitude;Longitude
West Eifel Volcanic Field;Germany;8300 BCE;50.17;6.85
Chaine des Puys;France;4040 BCE;45.786;2.981
Olot Volcanic Field;Spain;Unknown;42.17;2.53
Calatrava Volcanic Field;Spain;3600 BCE;38.87;-4.02
Colli Albani;Italy;Unknown;41.7569;12.7251
Campi Flegrei;Italy;1538 CE;40.827;14.139
Vesuvius;Italy;1944 CE;40.821;14.426
Ischia;Italy;1302 CE;40.73;13.897
Palinuro;Italy;8040 BCE;39.48;14.83
Stromboli;Italy;2025 CE;38.789;15.213
Panarea;Italy;Unknown;38.638;15.064
Lipari;Italy;1230 CE;38.49;14.933
Vulcano;Italy;1890 CE;38.404;14.962
Etna;Italy;2025 CE;37.748;14.999
Campi Flegrei del Mar di Sicilia;Italy;1867 CE;37.1;12.7
Pantelleria;Italy;1891 CE;36.77;12.02
Marsili;Italy;1050 BCE;39.284;14.399
Methana;Greece;258 BCE;37.6186;23.3331
Milos;Greece;140 CE;36.699;24.439
Santorini;Greece;1950 CE;36.404;25.396
Kolumbo;Greece;1650 CE;36.524;25.483
Nisyros;Greece;1888 CE;36.5888;27.1553
Kula;Turkiye;Unknown;38.58;28.52
Hasandag-Keciboyduran Volcanic Complex;Turkiye;Unknown;38.13;34.17
Erciyes Volcanic Complex;Turkiye;6880 BCE;38.531;35.447
Karaca Dag;Turkiye;Unknown;37.67;39.83
Nemrut Dagi;Turkiye;1650 CE;38.654;42.229
Tenduruk Dagi;Turkiye;1855 CE;39.356;43.874
Ararat;Turkiye;1840 CE;39.7;44.3
Elbrus;Russia;50 CE;43.351;42.442
Kazbek;Georgia;750 BCE;42.697;44.5184
Samsari Volcanic Center;Georgia;Unknown;41.542;43.7
Aragats;Armenia;Unknown;40.53;44.2
Ghegham Volcanic Ridge;Armenia;1900 BCE;40.283;45
Vaiyots-Sar;Armenia;2000 BCE;39.797;45.497
Porak;Armenia-Azerbaijan;778 BCE;40.028;45.74
Tskhouk-Karckar;Armenia-Azerbaijan;3000 BCE;39.742;45.992
Tair, Jebel at;Yemen;2008 CE;15.55;41.83
Zubair Group;Yemen;2013 CE;15.05;42.18
Zukur;Yemen;Unknown;14.02;42.75
Hanish;Yemen;Unknown;13.72;42.73
Alid;Eritrea;Unknown;14.88;39.92
Dallol;Ethiopia;2011 CE;14.242;40.3
Gada Ale;Ethiopia;Unknown;13.975;40.408
Alu-Dalafilla;Ethiopia;2008 CE;13.793;40.553
Bora Ale;Ethiopia;Unknown;13.725;40.6
Erta Ale;Ethiopia;2025 CE;13.601;40.666
Ale Bagu;Ethiopia;Unknown;13.512;40.631
Hayli Gubbi;Ethiopia;Unknown;13.51;40.722
Dubbi;Eritrea;1861 CE;13.579;41.809
Nabro;Eritrea;2012 CE;13.37;41.7
Mallahle;Ethiopia-Eritrea;Unknown;13.27;41.65
Sork Ale;Ethiopia-Eritrea;Unknown;13.18;41.725
Asavyo;Ethiopia;Unknown;13.098;41.599
Mat Ala;Ethiopia;Unknown;13.106;41.161
Tat Ali;Ethiopia;Unknown;13.284;41.063
Borawli;Ethiopia;Unknown;13.304;40.987
Afdera;Ethiopia;Unknown;13.088;40.853
Ma Alalta;Ethiopia;Unknown;13.013;40.185
Alayta;Ethiopia;1915 CE;12.888;40.573
Dabbahu;Ethiopia;2005 CE;12.595;40.48
Dabbayra;Ethiopia;Unknown;12.38;40.07
Manda Hararo;Ethiopia;2009 CE;12.17;40.82
Groppo;Ethiopia;Unknown;11.816;40.242
Kurub;Ethiopia;Unknown;11.88;41.208
Manda-Inakir;Ethiopia-Djibouti;1928 CE;12.38;42.2
Mousa Alli;Ethiopia-Eritrea-Djibouti;Unknown;12.469;42.404
Gufa;Eritrea-Djibouti;Unknown;12.55;42.53
Assab Volcanic Field;Eritrea;Unknown;12.95;42.43
Ardoukoba;Djibouti;1978 CE;11.58;42.47
Manda Gargori;Ethiopia;Unknown;11.75;41.48
Dama Ali;Ethiopia;1631 CE;11.28;41.63
Gabillema;Ethiopia;Unknown;11.08;41.27
Yangudi;Ethiopia;Unknown;10.58;41.042
Ayelu;Ethiopia;Unknown;10.082;40.702
Adwa;Ethiopia;Unknown;10.063;40.831
Hertali;Ethiopia;Unknown;9.78;40.33
Liado Hayk;Ethiopia;Unknown;9.57;40.28
Dofen;Ethiopia;Unknown;9.35;40.13
Fentale;Ethiopia;1789 CE;8.985;39.906
Beru;Ethiopia;Unknown;8.95;39.75
Kone;Ethiopia;1820 CE;8.8105;39.6946
Boset;Ethiopia;Unknown;8.558;39.475
Bishoftu Volcanic Field;Ethiopia;Unknown;8.78;38.98
Melkassa;Ethiopia;Unknown;8.43;39.35
Gedemsa;Ethiopia;Unknown;8.363;39.172
Bora-Bericha-Tullu Moye;Ethiopia;1900 CE;8.2114;39.0812
Unnamed;Ethiopia;Unknown;8.013;39.062
East Ziway;Ethiopia;Unknown;7.874;38.902
Butajiri-Silti Field;Ethiopia;Unknown;8.05;38.35
Aluto;Ethiopia;1550 CE;7.77;38.78
Shala;Ethiopia;Unknown;7.4569;38.5571
Corbetti;Ethiopia;396 BCE;7.193;38.39
Bilate River Field;Ethiopia;Unknown;7.07;38.1
Northern Lake Abaya Volcanic Field;Ethiopia;Unknown;6.76;37.97
Korath Range;Ethiopia;Unknown;5.117;35.892
Mega Volcanic Field;Ethiopia;Unknown;3.971;38.213
Lake Turkana North Island;Kenya;Unknown;4.0631;36.0458
Lake Turkana Central Island;Kenya;Unknown;3.496;36.0365
Lake Turkana South Island;Kenya;1888 CE;2.6364;36.5958
Marsabit;Kenya;Unknown;2.32;37.97
Barrier, The;Kenya;1921 CE;2.32;36.57
Namarunu;Kenya;6550 BCE;1.98;36.43
Segererua Plateau;Kenya;Unknown;1.57;37.9
Emuruangogolak;Kenya;1910 CE;1.5;36.33
Silali;Kenya;5050 BCE;1.15;36.23
Paka;Kenya;7550 BCE;0.92;36.18
Korosi;Kenya;Unknown;0.77;36.12
Ol Kokwe;Kenya;Unknown;0.62;36.075
Nyambeni Hills;Kenya;Unknown;0.23;37.87
Menengai;Kenya;6050 BCE;-0.2;36.07
Homa Mountain;Kenya;Unknown;-0.38;34.5
Elmenteita Badlands;Kenya;Unknown;-0.546;36.249
Eburru, Ol Doinyo;Kenya;Unknown;-0.65;36.22
Olkaria;Kenya;1770 CE;-0.904;36.292
Longonot;Kenya;1863 CE;-0.914;36.446
Suswa;Kenya;Unknown;-1.151;36.357
Lengai, Ol Doinyo;Tanzania;2025 CE;-2.764;35.914
Chyulu Hills;Kenya;1855 CE;-2.68;37.88
Meru;Tanzania;1910 CE;-3.244;36.75
Igwisi Hills;Tanzania;10450 BCE;-4.889;31.933
Ngozi;Tanzania;1450 CE;-9.0036;33.552
Rungwe;Tanzania;1250 CE;-9.135;33.668
Kyejo;Tanzania;1800 CE;-9.229;33.792
Fort Portal;Uganda;2120 BCE;0.7;30.25
Kyatwa;Uganda;Unknown;0.45;30.25
Katwe-Kikorongo;Uganda;Unknown;-0.08;29.92
Bunyaruguru;Uganda;Unknown;-0.2;30.08
Katunga;Uganda;Unknown;-0.471;30.191
Nyamulagira;DR Congo;2025 CE;-1.408;29.2
Nyiragongo;DR Congo;2025 CE;-1.52;29.25
Karisimbi;DR Congo-Rwanda;8050 BCE;-1.506;29.45
Visoke;DR Congo-Rwanda;1957 CE;-1.458;29.485
Muhavura;Uganda-Rwanda;Unknown;-1.383;29.678
Bufumbira;Uganda;Unknown;-1.304;29.683
Basile, Pico;Equatorial Guinea;1923 CE;3.588;8.762
Cameroon;Cameroon;2000 CE;4.203;9.17
Tombel Graben;Cameroon;Unknown;4.758;9.717
Oku Volcanic Field;Cameroon;Unknown;6.25;10.5
Todra Volcanic Field;Niger;Unknown;17.68;8.5
Tahalra Volcanic Field;Algeria;Unknown;22.67;5
Atakor Volcanic Field;Algeria;Unknown;23.33;5.83
Manzaz Volcanic Field;Algeria;Unknown;23.92;5.83
Toh, Tarso;Chad;Unknown;21.33;16.33
Tousside, Tarso;Chad;Unknown;21.0408;16.473
Voon, Tarso;Chad;Unknown;20.92;17.28
Koussi, Emi;Chad;Unknown;19.8;18.53
Marra, Jebel;Sudan;2000 BCE;12.95;24.27
Kutum Volcanic Field;Sudan;Unknown;14.57;25.85
Meidob Volcanic Field;Sudan;2950 BCE;15.32;26.47
Bayuda Volcanic Field;Sudan;850 CE;18.33;32.75
Ash Shaam, Harrat;Syria-Jordan-Saudi Arabia;2670 BCE;32.333;37.583
Lunayyir, Harrat;Saudi Arabia;1000 CE;25.17;37.75
Ithnayn, Harrat;Saudi Arabia;Unknown;26.58;40.2
Khaybar, Harrat;Saudi Arabia;650 CE;25.5;40
Rahat, Harrat;Saudi Arabia;1256 CE;23.08;39.78
Kishb, Harrat;Saudi Arabia;Unknown;22.8;41.38
Birk, Harrat al;Saudi Arabia;Unknown;18.37;41.63
Yar, Jabal;Saudi Arabia;1810 CE;17.05;42.83
Arhab, Harra of;Yemen;500 CE;15.6025;44.0978
Haylan, Jabal;Yemen;1200 BCE;15.4;45.1
Dhamar, Harras of;Yemen;Unknown;14.57;44.67
Sawad, Harra Es-;Yemen;1253 CE;13.58;46.12
Balhaf-Bir Ali Volcanic Field;Yemen;Unknown;14.067;48.3
Bir Borhut;Yemen;Unknown;15.515;50.935
Damavand;Iran;5350 BCE;35.951;52.109
Grille, La;Union of the Comoros;Unknown;-11.4861;43.35
Mayotte;France;2050 BCE;-12.83;45.17
Karthala;Union of the Comoros;2007 CE;-11.7658;43.3639
Fournaise, Piton de la;France;2023 CE;-21.244;55.708
Fani Maore;France;2019 CE;-12.9121;45.7075
Boomerang Seamount;France;1995 CE;-37.7216;77.8221
Amsterdam Island;France;Unknown;-37.83;77.52
St. Paul;France;1793 CE;-38.72;77.53
Heard;Australia;2025 CE;-53.106;73.513
McDonald Islands;Australia;2005 CE;-53.0394;72.595
Kerguelen Islands;France;Unknown;-49.58;69.5
Est, Ile de l';France;Unknown;-46.43;52.2
Possession, Ile de la;France;Unknown;-46.42;51.75
Cochons, Ile aux;France;Unknown;-46.1;50.23
Prince Edward Island;South Africa;Unknown;-46.63;37.95
Marion Island;South Africa;2004 CE;-46.9;37.75
Auckland Volcanic Field;New Zealand;1446 CE;-36.89;174.81
Tuhua/Mayor Island;New Zealand;5055 BCE;-37.28;176.25
Taranaki;New Zealand;1800 CE;-39.3;174.07
Whakaari/White Island;New Zealand;2025 CE;-37.52;177.18
Okataina;New Zealand;1981 CE;-38.1569;176.5069
Taupo;New Zealand;260 CE;-38.7811;175.893
Tongariro;New Zealand;2012 CE;-39.157;175.632
Ruapehu;New Zealand;2007 CE;-39.28;175.57
Clark;New Zealand;Unknown;-36.446;177.839
Tangaroa;New Zealand;Unknown;-36.321;178.028
Rumble V;New Zealand;Unknown;-36.142;178.196
Rumble IV;New Zealand;Unknown;-36.13;178.05
Rumble III;New Zealand;2008 CE;-35.745;178.478
Rumble II West;New Zealand;Unknown;-35.353;178.527
Healy;New Zealand;1360 CE;-35.004;178.973
Brothers;New Zealand;Unknown;-34.875;179.0667
Wright;New Zealand;Unknown;-31.85;-179.18
Havre Seamount;New Zealand;2012 CE;-31.08;-179.033
Curtis Island;New Zealand;Unknown;-30.543;-178.556
Macauley;New Zealand;4360 BCE;-30.21;-178.475
Giggenbach;New Zealand;Unknown;-30.036;-178.712
Raoul Island;New Zealand;2006 CE;-29.27;-177.92
Monowai;New Zealand;2014 CE;-25.887;-177.188
Unnamed;Tonga;Unknown;-24.8;-177.02
Unnamed;Tonga;1932 CE;-21.338;-175.65
Unnamed;Tonga;Unknown;-21.15;-175.75
Unnamed;Tonga;2017 CE;-20.852;-175.55
Hunga Tonga-Hunga Ha'apai;Tonga;2022 CE;-20.5532;-175.3841
Fonuafo'ou;Tonga;1936 CE;-20.32;-175.42
Tofua;Tonga;2025 CE;-19.75;-175.07
Kao;Tonga;1847 CE;-19.668;-175.016
Lateiki;Tonga;2019 CE;-19.18;-174.87
Home Reef;Tonga;2025 CE;-18.992;-174.775
Late;Tonga;1854 CE;-18.806;-174.65
Unnamed;Tonga;2019 CE;-18.325;-174.365
Fonualei;Tonga;1957 CE;-18.023;-174.317
Tafahi;Tonga;Unknown;-15.854;-173.747
Curacoa;Tonga;1979 CE;-15.62;-173.67
Niuafo'ou;Tonga;1946 CE;-15.6;-175.63
Dugong;Tonga;Unknown;-15.431;-175.725
Lobster;Tonga;Unknown;-15.333;-176.283
Tafu-Maka;Tonga;2008 CE;-15.37;-174.23
West Mata;Tonga;2009 CE;-15.1;-173.75
Niuatahi;Tonga;Unknown;-15.3675;-174.0028
Vailulu'u;United States;2003 CE;-14.215;-169.058
Ta'u;United States;Unknown;-14.23;-169.454
Ofu-Olosega;United States;1866 CE;-14.175;-169.618
Tutuila;United States;440 CE;-14.2903;-170.7019
Malumalu;United States;Unknown;-14.601;-169.787
Upolu;Samoa;Unknown;-13.935;-171.72
Savaii;Samoa;1911 CE;-13.612;-172.525
Taveuni;Fiji;1550 CE;-16.8412;-179.9644
Nabukelevu;Fiji;1660 CE;-19.1181;177.9815
St. Andrew Strait;Papua New Guinea;1957 CE;-2.38;147.35
Central Bismarck Sea;Papua New Guinea;1972 CE;-3.03;147.78
Blup Blup;Papua New Guinea;Unknown;-3.507;144.605
Kadovar;Papua New Guinea;2023 CE;-3.608;144.588
Bam;Papua New Guinea;1960 CE;-3.613;144.818
Manam;Papua New Guinea;2025 CE;-4.08;145.037
Karkar;Papua New Guinea;1979 CE;-4.647;145.976
Hankow Reef;Papua New Guinea;Unknown;-4.883;146.717
Long Island;Papua New Guinea;1993 CE;-5.3144;147.105
Umboi;Papua New Guinea;Unknown;-5.592;147.892
Ritter Island;Papua New Guinea;2007 CE;-5.519;148.115
Sakar;Papua New Guinea;Unknown;-5.4098;148.0836
Langila;Papua New Guinea;2025 CE;-5.525;148.42
Dakataua;Papua New Guinea;1895 CE;-5.0455;150.0996
Bola;Papua New Guinea;Unknown;-5.141;150.038
Garua Harbour;Papua New Guinea;Unknown;-5.3;150.07
Krummel-Garbuna-Welcker;Papua New Guinea;2008 CE;-5.416;150.027
Lolo;Papua New Guinea;Unknown;-5.466;150.509
Witori;Papua New Guinea;2012 CE;-5.5745;150.5161
Sulu Range;Papua New Guinea;Unknown;-5.5;150.942
Hargy;Papua New Guinea;950 CE;-5.33;151.1
Bamus;Papua New Guinea;1886 CE;-5.2;151.23
Ulawun;Papua New Guinea;2025 CE;-5.05;151.33
Lolobau;Papua New Guinea;1912 CE;-4.9156;151.1617
Rabaul;Papua New Guinea;2014 CE;-4.2459;152.1937
Tavui;Papua New Guinea;4946 BCE;-4.1089;152.2134
Lamington;Papua New Guinea;1956 CE;-8.95;148.15
Hydrographers Range;Papua New Guinea;Unknown;-9;148.37
Managlase Plateau;Papua New Guinea;Unknown;-9.08;148.33
Victory;Papua New Guinea;1935 CE;-9.2003;149.072
Sessagara Hills;Papua New Guinea;1944 CE;-9.5542;149.1278
Goodenough;Papua New Guinea;Unknown;-9.358;150.246
Iamalele;Papua New Guinea;Unknown;-9.5056;150.5239
Dawson Strait Group;Papua New Guinea;1350 CE;-9.62;150.88
Balbi;Papua New Guinea;Unknown;-5.9156;155.0008
Billy Mitchell;Papua New Guinea;1580 CE;-6.0898;155.2254
Bagana;Papua New Guinea;2025 CE;-6.137;155.196
Takuan Group;Papua New Guinea;Unknown;-6.442;155.608
Loloru;Papua New Guinea;1050 BCE;-6.52;155.62
Simbo;Solomon Islands;1910 CE;-8.292;156.52
Kana Keoki;Solomon Islands;Unknown;-8.75;157.03
Coleman Seamount;Solomon Islands;Unknown;-8.841;157.16
Kavachi;Solomon Islands;2014 CE;-8.991;157.979
New Georgia at 8.9 S;Solomon Islands;Unknown;-8.92;158.03
Savo;Solomon Islands;1847 CE;-9.1324;159.8119
Tinakula;Solomon Islands;2024 CE;-10.386;165.804
Motlav;Vanuatu;Unknown;-13.67;167.67
Suretamatai;Vanuatu;1966 CE;-13.8;167.47
Gaua;Vanuatu;2022 CE;-14.281;167.514
Ambae;Vanuatu;2024 CE;-15.389;167.835
Ambrym;Vanuatu;2024 CE;-16.25;168.12
Lopevi;Vanuatu;2007 CE;-16.507;168.346
East Epi;Vanuatu;2023 CE;-16.6797;168.3893
Kuwae;Vanuatu;1974 CE;-16.8304;168.5227
Nguna-Emau;Vanuatu;Unknown;-17.4522;168.353
Traitor's Head;Vanuatu;1881 CE;-18.754;169.238
Yasur;Vanuatu;2025 CE;-19.532;169.447
Gemini-Oscostar;Vanuatu;1996 CE;-20.957;170.13
Matthew Island;France - claimed by Vanuatu;1956 CE;-22.33;171.32
Hunter Island;France - claimed by Vanuatu;1903 CE;-22.4;172.05
Newer Volcanics Province;Australia;2900 BCE;-37.77;142.5
McBride Volcanic Province;Australia;5050 BCE;-18.367;144.567
Narcondum;India;Unknown;13.43;94.28
Barren Island;India;2025 CE;12.278;93.858
Peuet Sague;Indonesia;2000 CE;4.903;96.289
Telong, Bur ni;Indonesia;1937 CE;4.769;96.821
Singkut;Indonesia;1881 CE;3.2379;98.5127
Sinabung;Indonesia;2021 CE;3.17;98.392
Sorikmarapi;Indonesia;1986 CE;0.6834;99.5409
Malintang;Indonesia;Unknown;0.4756;99.6628
Talakmau;Indonesia;Unknown;0.0787;99.984
Marapi;Indonesia;2025 CE;-0.38;100.474
Tandikat-Singgalang;Indonesia;1924 CE;-0.4311;100.3192
Talang;Indonesia;2007 CE;-0.979;100.681
Kerinci;Indonesia;2024 CE;-1.697;101.264
Sumbing;Indonesia;1921 CE;-2.414;101.728
Kaba;Indonesia;2000 CE;-3.5156;102.6261
Dempo;Indonesia;2025 CE;-4.016;103.121
Patah;Indonesia;Unknown;-4.257;103.306
Ranau;Indonesia;Unknown;-4.871;103.925
Suoh;Indonesia;2024 CE;-5.25;104.27
Krakatau;Indonesia;2023 CE;-6.1009;105.4233
Pulosari;Indonesia;Unknown;-6.343;105.978
Karang;Indonesia;Unknown;-6.268;106.05
Perbakti-Gagak;Indonesia;1939 CE;-6.75;106.675
Salak;Indonesia;1938 CE;-6.716;106.733
Gede-Pangrango;Indonesia;1957 CE;-6.786;106.983
Patuha;Indonesia;Unknown;-7.162;107.4
Tangkuban Parahu;Indonesia;2019 CE;-6.77;107.6
Papandayan;Indonesia;2002 CE;-7.3175;107.7306
Guntur;Indonesia;1847 CE;-7.143;107.841
Tampomas;Indonesia;Unknown;-6.7639;107.9612
Galunggung;Indonesia;1984 CE;-7.25;108.058
Talagabodas;Indonesia;Unknown;-7.208;108.07
Ciremai;Indonesia;1951 CE;-6.895;108.408
Slamet;Indonesia;2014 CE;-7.242;109.208
Dieng Volcanic Complex;Indonesia;2025 CE;-7.2;109.879
Sundoro;Indonesia;1971 CE;-7.3014;109.997
Sumbing;Indonesia;1730 CE;-7.3819;110.0747
Merbabu;Indonesia;1797 CE;-7.454;110.44
Merapi;Indonesia;2025 CE;-7.54;110.446
Lawu;Indonesia;Unknown;-7.625;111.192
Kelud;Indonesia;2014 CE;-7.935;112.314
Kawi-Butak;Indonesia;Unknown;-7.92;112.45
Arjuno-Welirang;Indonesia;1952 CE;-7.733;112.575
Penanggungan;Indonesia;Unknown;-7.616;112.62
Semeru;Indonesia;2025 CE;-8.108;112.922
Tengger Caldera;Indonesia;2023 CE;-7.942;112.95
Lamongan;Indonesia;1898 CE;-7.981;113.341
Iyang-Argapura;Indonesia;Unknown;-7.97;113.57
Raung;Indonesia;2025 CE;-8.119;114.056
Ijen;Indonesia;1999 CE;-8.058;114.242
Baluran;Indonesia;Unknown;-7.85;114.37
Buyan-Bratan;Indonesia;Unknown;-8.283;115.133
Batur;Indonesia;2000 CE;-8.2403;115.3775
Agung;Indonesia;2022 CE;-8.343;115.508
Rinjani;Indonesia;2016 CE;-8.42;116.47
Tambora;Indonesia;1967 CE;-8.25;118
Sangeang Api;Indonesia;2022 CE;-8.2;119.07
Sano, Wai;Indonesia;Unknown;-8.7345;120.0074
Ranakah;Indonesia;1991 CE;-8.637;120.5302
Inierie;Indonesia;8050 BCE;-8.875;120.95
Inielika;Indonesia;2001 CE;-8.73;120.98
Ebulobo;Indonesia;1969 CE;-8.817;121.191
Iya;Indonesia;1969 CE;-8.891;121.641
Kelimutu;Indonesia;1968 CE;-8.77;121.82
Paluweh;Indonesia;2013 CE;-8.32;121.708
Egon;Indonesia;2008 CE;-8.676;122.455
Lewotobi;Indonesia;2025 CE;-8.542;122.775
Iliboleng;Indonesia;1993 CE;-8.342;123.258
Lewotolok;Indonesia;2025 CE;-8.274;123.508
Ililabalekan;Indonesia;Unknown;-8.55;123.38
Iliwerung;Indonesia;2021 CE;-8.532;123.573
Tara, Batu;Indonesia;2015 CE;-7.791;123.585
Sirung;Indonesia;2021 CE;-8.4972;124.1306
Wurlali;Indonesia;1892 CE;-7.125;128.675
Teon;Indonesia;1904 CE;-6.976;129.144
Nila;Indonesia;1968 CE;-6.73;129.5
Serua;Indonesia;1921 CE;-6.312;130.017
Manuk;Indonesia;Unknown;-5.543;130.303
Banda Api;Indonesia;1988 CE;-4.523;129.881
Colo;Indonesia;1983 CE;-0.162;121.601
Ambang;Indonesia;2005 CE;0.75;124.42
Soputan;Indonesia;2020 CE;1.112;124.737
Lokon-Empung;Indonesia;2015 CE;1.3644;124.7992
Mahawu;Indonesia;1977 CE;1.352;124.865
Klabat;Indonesia;Unknown;1.454;125.031
Tangkoko-Duasudara;Indonesia;1880 CE;1.518;125.185
Ruang;Indonesia;2024 CE;2.3058;125.3671
Karangetang;Indonesia;2023 CE;2.781;125.407
Banua Wuhu;Indonesia;1919 CE;3.1463;125.4422
Awu;Indonesia;2004 CE;3.689;125.447
Tarakan;Indonesia;Unknown;1.832;127.825
Dukono;Indonesia;2025 CE;1.6992;127.8783
Tobaru;Indonesia;Unknown;1.63;127.67
Ibu;Indonesia;2025 CE;1.4941;127.6324
Gamkonora;Indonesia;2007 CE;1.38;127.53
Todoko-Ranu;Indonesia;Unknown;1.2389;127.4556
Jailolo;Indonesia;Unknown;1.08;127.439
Hiri;Indonesia;Unknown;0.8971;127.317
Gamalama;Indonesia;2018 CE;0.81;127.3322
Kie Matubu;Indonesia;1210 CE;0.6623;127.4029
Mare;Indonesia;Unknown;0.57;127.4
Moti;Indonesia;Unknown;0.454;127.411
Kie Besi;Indonesia;1988 CE;0.32;127.4
Melebingoy;Philippines;1641 CE;6.113;124.892
Matutum;Philippines;1290 CE;6.3604;125.0765
Leonard Range;Philippines;80 CE;7.382;126.047
Makaturing;Philippines;1882 CE;7.644;124.317
Ragang;Philippines;1916 CE;7.691;124.507
Musuan;Philippines;Unknown;7.8765;125.0697
Camiguin;Philippines;1953 CE;9.203;124.673
Kanlaon;Philippines;2025 CE;10.4096;123.13
Cabal an;Philippines;1820 CE;10.285;125.218
Biliran;Philippines;1939 CE;11.523;124.535
Bulusan;Philippines;2025 CE;12.769;124.056
Mayon;Philippines;2024 CE;13.257;123.685
Iriga;Philippines;Unknown;13.458;123.451
Isarog;Philippines;3500 BCE;13.658;123.38
Banahaw;Philippines;Unknown;14.07;121.48
San Pablo Volcanic Field;Philippines;1350 CE;14.12;121.3
Taal;Philippines;2025 CE;14.0106;120.9975
Pinatubo;Philippines;2021 CE;15.13;120.35
Cagua;Philippines;1860 CE;18.222;122.123
Camiguin de Babuyanes;Philippines;1857 CE;18.83;121.86
Didicas;Philippines;1978 CE;19.077;122.202
Babuyan Claro;Philippines;1924 CE;19.524;121.95
Iraya;Philippines;1454 CE;20.469;122.01
Hainan Volcanic Field;China;1933 CE;19.905;110.229
Ly Son Group;Vietnam;Unknown;15.38;109.12
Cendres, Ile des;Vietnam;1923 CE;10.158;109.014
Popa;Burma (Myanmar);6050 BCE;20.92;95.25
Tengchong;China;5750 BCE;25.23;98.5
Kueishantao;Taiwan;1853 CE;24.841;121.953
Tatun Volcanic Group;Taiwan;648 CE;25.178;121.553
Submarine Volcano NNE of Iriomotejima;Japan;1924 CE;24.57;123.93
Io-Torishima;Japan;1968 CE;27.881;128.223
Yokoatejima;Japan;1835 CE;28.797;128.997
Akusekijima;Japan;Unknown;29.465;129.594
Suwanosejima;Japan;2025 CE;29.638;129.714
Nakanoshima;Japan;1914 CE;29.859;129.857
Kuchinoshima;Japan;1190 CE;29.968;129.926
Kuchinoerabujima;Japan;2020 CE;30.443;130.217
Kikai;Japan;2024 CE;30.793;130.305
Ata;Japan;885 CE;31.22;130.57
Aira;Japan;2025 CE;31.5772;130.6589
Yonemaru-Sumiyoshiike;Japan;6200 BCE;31.771;130.592
Kirishimayama;Japan;2025 CE;31.934;130.862
Fukue;Japan;400 BCE;32.657;128.849
Unzendake;Japan;1996 CE;32.761;130.299
Asosan;Japan;2021 CE;32.8849;131.085
Kujusan;Japan;1996 CE;33.086;131.249
Yufu-Tsurumi;Japan;867 CE;33.282;131.39
Abu;Japan;6850 BCE;34.4833;131.5167
Sanbesan;Japan;650 CE;35.141;132.622
Izu-Tobu;Japan;1989 CE;34.9;139.098
Hakoneyama;Japan;2015 CE;35.233;139.021
Fujisan;Japan;1708 CE;35.361;138.728
Yokodake;Japan;1200 CE;36.087;138.32
Ontakesan;Japan;2014 CE;35.893;137.48
Hakusan;Japan;1659 CE;36.155;136.771
Norikuradake;Japan;50 BCE;36.106;137.554
Akandanayama;Japan;Unknown;36.2;137.573
Yakedake;Japan;1995 CE;36.227;137.587
Midagahara;Japan;1839 CE;36.571;137.59
Niigata-Yakeyama;Japan;1998 CE;36.921;138.036
Myokosan;Japan;750 BCE;36.891;138.114
Asamayama;Japan;2019 CE;36.406;138.523
Kusatsu-Shiranesan;Japan;2018 CE;36.618;138.528
Shiga;Japan;Unknown;36.688;138.519
Harunasan;Japan;550 CE;36.477;138.851
Akagisan;Japan;Unknown;36.56;139.193
Hiuchigatake;Japan;1544 CE;36.955;139.285
Nikko-Shiranesan;Japan;1952 CE;36.799;139.376
Nantaisan;Japan;9540 BCE;36.765;139.491
Omanago Group;Japan;3050 BCE;36.8067;139.4756
Takaharayama;Japan;4570 BCE;36.9;139.777
Nasudake;Japan;1963 CE;37.125;139.963
Numazawa;Japan;3400 BCE;37.444;139.566
Bandaisan;Japan;1888 CE;37.601;140.072
Adatarayama;Japan;1996 CE;37.647;140.281
Azumayama;Japan;1977 CE;37.735;140.244
Zaozan [Zaosan];Japan;1940 CE;38.144;140.44
Hijiori;Japan;Unknown;38.5992;140.1617
Naruko;Japan;837 CE;38.729;140.734
Kurikomayama;Japan;1950 CE;38.961;140.788
Chokaisan;Japan;1974 CE;39.099;140.049
Akita-Komagatake;Japan;1971 CE;39.761;140.799
Iwatesan;Japan;1919 CE;39.853;141.001
Hachimantai;Japan;5350 BCE;39.958;140.854
Akita-Yakeyama;Japan;1997 CE;39.964;140.757
Megata;Japan;2050 BCE;39.95;139.725
Iwakisan;Japan;1863 CE;40.656;140.303
Towada;Japan;915 CE;40.51;140.88
Hakkodasan;Japan;1550 CE;40.659;140.877
Osorezan;Japan;1787 CE;41.279;141.12
Izu-Oshima;Japan;1990 CE;34.724;139.394
Toshima;Japan;4550 BCE;34.52;139.279
Niijima;Japan;886 CE;34.397;139.27
Kozushima;Japan;838 CE;34.219;139.153
Miyakejima;Japan;2010 CE;34.094;139.526
Mikurajima;Japan;4100 BCE;33.874;139.602
Kurose Hole;Japan;Unknown;33.4;139.68
Hachijojima;Japan;1606 CE;33.137;139.766
Aogashima;Japan;1785 CE;32.458;139.759
Kita-Bayonnaise;Japan;Unknown;32.1;139.85
Myojinsho;Japan;1970 CE;31.888;139.918
Sumisujima;Japan;1916 CE;31.44;140.051
Izu-Torishima;Japan;2002 CE;30.484;140.303
Sofugan;Japan;Unknown;29.794;140.342
Suiyo Seamount;Japan;Unknown;28.575;140.633
Mokuyo Seamount;Japan;Unknown;28.327;140.572
Doyo Seamount;Japan;Unknown;27.68;140.8
Nishinoshima;Japan;2023 CE;27.247;140.874
Kaikata Seamount;Japan;Unknown;26.667;140.929
Kaitoku Seamount;Japan;2023 CE;26.1217;141.0955
Kita-Ioto;Japan;2022 CE;25.424;141.284
Ioto;Japan;2025 CE;24.751;141.289
Kita-Fukutokutai;Japan;1954 CE;24.417;141.417
Fukutoku-Oka-no-Ba;Japan;2021 CE;24.285;141.481
Minami-Hiyoshi;Japan;1975 CE;23.5;141.935
Nikko;Japan;Unknown;23.078;142.326
Fukujin;United States;1974 CE;21.93;143.47
Kasuga 1;United States;1959 CE;21.765;143.71
Kasuga 2;United States;Unknown;21.6;143.637
NW Eifuku;United States;Unknown;21.485;144.043
Daikoku;United States;Unknown;21.324;144.194
Farallon de Pajaros;United States;1953 CE;20.546;144.893
Ahyi;United States;2025 CE;20.42;145.03
Supply Reef;United States;Unknown;20.13;145.1
Maug Islands;United States;Unknown;20.02;145.22
Asuncion;United States;1906 CE;19.671;145.406
Agrigan;United States;1917 CE;18.77;145.67
Pagan;United States;2021 CE;18.13;145.8
Alamagan;United States;870 CE;17.6;145.83
Guguan;United States;1883 CE;17.3137;145.84
Zealandia Bank;United States;Unknown;16.88;145.85
Sarigan;United States;Unknown;16.6991;145.7803
South Sarigan Seamount;United States;2010 CE;16.58;145.78
Anatahan;United States;2008 CE;16.35;145.67
East Diamante;United States;Unknown;15.93;145.67
Ruby;United States;2023 CE;15.605;145.572
Esmeralda Bank;United States;Unknown;14.958;145.249
NW Rota-1;United States;2010 CE;14.601;144.775
Forecast Seamount;United States;Unknown;13.4;143.92
Seamount X;United States;Unknown;13.25;144.02
Mariana Back-Arc Segment at 15.5 N;United States;2015 CE;15.406;144.506
Oshima-Oshima;Japan;1790 CE;41.51;139.367
Esan;Japan;1874 CE;41.805;141.166
Hokkaido-Komagatake;Japan;2000 CE;42.063;140.677
Toya;Japan;2001 CE;42.544;140.839
Niseko;Japan;4900 BCE;42.875;140.659
Yoteizan;Japan;1050 BCE;42.827;140.812
Kuttara;Japan;1820 CE;42.491;141.16
Shikotsu;Japan;1981 CE;42.688;141.38
Rishirizan;Japan;5830 BCE;45.179;141.242
Tokachidake;Japan;2004 CE;43.418;142.686
Taisetsuzan;Japan;1739 CE;43.664;142.854
Maruyama;Japan;1898 CE;43.418;143.031
Akan;Japan;2008 CE;43.384;144.013
Kussharo;Japan;1320 CE;43.615;144.427
Mashu;Japan;1080 CE;43.572;144.561
Rausudake;Japan;1800 CE;44.076;145.122
Tenchozan;Japan;Unknown;44.044;145.086
Shiretoko-Iozan;Japan;1936 CE;44.133;145.161
Tomariyama [Golovnin];Japan - administered by Russia;1848 CE;43.844;145.504
Raususan [Mendeleev];Japan - administered by Russia;1880 CE;43.979;145.733
Ruruidake [Smirnov];Japan - administered by Russia;Unknown;44.4541;146.1401
Chachadake [Tiatia];Japan - administered by Russia;1981 CE;44.353;146.252
Berutarubesan [Berutarube];Japan - administered by Russia;Unknown;44.462;146.932
Etorofu-Atosanupuri [Atosanupuri];Japan - administered by Russia;1932 CE;44.808;147.131
Hitokappu Volcano Group [Bogatyr Ridge];Japan - administered by Russia;Unknown;44.857;147.403
Etorofu-Yakeyama [Grozny Group];Japan - administered by Russia;2013 CE;45.012;147.871
Odamoisan [Tebenkov];Japan - administered by Russia;Unknown;45.028;147.918
Sashiusudake [Baransky];Japan - administered by Russia;1951 CE;45.103;148.0148
Chirippusan [Chirip];Japan - administered by Russia;1860 CE;45.338;147.92
Moyorodake [Medvezhia];Japan - administered by Russia;1999 CE;45.389;148.838
Ivao Group;Russia;Unknown;45.7593;149.6762
Kolokol Group;Russia;1973 CE;46.042;150.083
Kuril Arc at 46.3 N;Japan - administered by Russia;Unknown;46.2944;150.8526
Chirpoi;Russia;2016 CE;46.532;150.871
Milna;Russia;1914 CE;46.815;151.786
Zavaritzki Caldera;Russia;1957 CE;46.9178;151.9518
Prevo Peak;Russia;1825 CE;47.0139;152.1167
Uratman;Russia;Unknown;47.12;152.25
Ketoi;Russia;1960 CE;47.35;152.475
Ushishur;Russia;1884 CE;47.5125;152.8139
Srednii;Russia;Unknown;47.5861;152.893
Rasshua;Russia;1957 CE;47.77;153.02
Sarychev Peak;Russia;2021 CE;48.092;153.2
Raikoke;Russia;2019 CE;48.292;153.25
Chirinkotan;Russia;2022 CE;48.98;153.48
Ekarma;Russia;2010 CE;48.958;153.93
Sinarka;Russia;1878 CE;48.873;154.182
Kharimkotan;Russia;1933 CE;49.12;154.508
Tao-Rusyr Caldera;Russia;1952 CE;49.34;154.725
Nemo Peak;Russia;1938 CE;49.57;154.808
Shirinki;Russia;Unknown;50.2;154.98
Fuss Peak;Russia;1854 CE;50.267;155.246
Karpinsky Group;Russia;1952 CE;50.148;155.373
Chikurachki;Russia;2023 CE;50.324;155.461
Vernadskii Ridge;Russia;Unknown;50.55;155.97
Ebeko;Russia;2024 CE;50.686;156.014
Alaid;Russia;2022 CE;50.861;155.565
Kambalny;Russia;2017 CE;51.306;156.875
Koshelev;Russia;1690 CE;51.356;156.753
Yavinsky;Russia;4050 BCE;51.533;156.629
Diky Greben;Russia;350 CE;51.452;156.978
Kurile Lake;Russia;6440 BCE;51.45;157.12
Iliinsky;Russia;1901 CE;51.498;157.203
Zheltovsky;Russia;1923 CE;51.577;157.328
Ksudach;Russia;1907 CE;51.8042;157.5292
Olkoviy Volcanic Group;Russia;Unknown;52.02;157.53
Khodutka;Russia;300 BCE;52.062;157.711
Asacha;Russia;Unknown;52.355;157.827
Visokiy;Russia;Unknown;52.435;157.9332
Mutnovsky;Russia;2000 CE;52.449;158.196
Gorely;Russia;2010 CE;52.5549;158.0358
Opala;Russia;1776 CE;52.543;157.339
Tolmachev Dol;Russia;300 CE;52.63;157.58
Vilyuchinsky;Russia;8050 BCE;52.7;158.28
Barkhatnaya Sopka;Russia;3550 BCE;52.802;158.24
Koryaksky;Russia;2009 CE;53.321;158.712
Avachinsky;Russia;2001 CE;53.256;158.836
Dzenzursky;Russia;Unknown;53.637;158.922
Zhupanovsky;Russia;2016 CE;53.589;159.15
Veer;Russia;390 CE;53.7525;158.4478
Kostakan;Russia;1350 CE;53.833;158.052
Bakening;Russia;550 BCE;53.905;158.07
Zavaritsky;Russia;800 BCE;53.905;158.385
Akademia Nauk;Russia;1996 CE;53.98;159.45
Karymsky;Russia;2025 CE;54.049;159.443
Maly Semyachik;Russia;1952 CE;54.135;159.674
Bolshoi Semiachik;Russia;4450 BCE;54.32;160.02
Taunshits;Russia;550 BCE;54.528;159.804
Uzon;Russia;200 CE;54.4885;159.9741
Kikhpinych;Russia;1550 CE;54.489;160.251
Krasheninnikov;Russia;2025 CE;54.596;160.27
Kronotsky;Russia;1923 CE;54.753;160.533
Gamchen;Russia;550 BCE;54.974;160.703
Komarov;Russia;950 CE;55.033;160.725
Vysoky;Russia;550 BCE;55.064;160.765
Kizimen;Russia;2013 CE;55.131;160.32
Tolbachik;Russia;2013 CE;55.832;160.326
Udina;Russia;Unknown;55.758;160.527
Zimina;Russia;Unknown;55.862;160.603
Bezymianny;Russia;2025 CE;55.972;160.595
Kamen;Russia;Unknown;56.02;160.593
Klyuchevskoy;Russia;2025 CE;56.056;160.642
Ushkovsky;Russia;1890 CE;56.113;160.509
Sheveluch;Russia;2025 CE;56.653;161.36
Piip;Russia;5050 BCE;55.42;167.33
Khangar;Russia;1500 CE;54.761;157.407
Cherpuk Group;Russia;4550 BCE;55.55;157.47
Ichinsky;Russia;1740 CE;55.678;157.718
Bolshoi-Kekuknaysky;Russia;5310 BCE;56.483;157.917
Alney-Chashakondzha;Russia;1600 CE;56.656;159.647
Shisheika;Russia;2240 BCE;57.153;161.09
Terpuk;Russia;800 BCE;57.2;159.83
Sedanka Lava Field;Russia;7050 BCE;57.317;160.067
Gorny Institute;Russia;1250 CE;57.33;160.2
Kinenin;Russia;850 CE;57.35;160.97
Bliznetsy;Russia;1060 BCE;57.35;161.37
Titila;Russia;550 BCE;57.406;160.108
Elovsky;Russia;7550 BCE;57.55;160.53
Nylgimelkin;Russia;3550 BCE;57.97;160.65
Spokoiny;Russia;3450 BCE;58.13;160.82
Ostry;Russia;2050 BCE;58.18;160.82
Severny;Russia;1550 BCE;58.28;160.87
Udokan Plateau;Russia;220 BCE;56.28;117.77
Jombolok;Russia;737 CE;52.713;99.021
Taryatu-Chulutu;Mongolia;2980 BCE;48.133;99.95
Khoid Naiman Nuur;Mongolia;Unknown;46.6459;101.7982
Dariganga Volcanic Field;Mongolia;Unknown;45.754;114.279
Ashikule Volcanic Field;China;1951 CE;35.742;81.646
Honggeertu;China;Unknown;41.59;113.111
Arxan-Chaihe;China;0 CE;47.45;120.8
Keluo Group;China;Unknown;49.37;125.92
Wudalianchi;China;1776 CE;48.722;126.15
Jingpohu;China;520 BCE;44.08;128.83
Longgang Group;China;350 CE;42.33;126.5
Changbaishan;China-North Korea;1903 CE;41.98;128.08
Ch'uga-ryong;North Korea-South Korea;Unknown;38.33;127.33
Ulleungdo;South Korea;2990 BCE;37.5;130.87
Halla;South Korea;1007 CE;33.361;126.53
Buldir;United States;Unknown;52.35;175.911
Kiska;United States;1990 CE;52.103;177.602
Segula;United States;Unknown;52.015;178.136
Davidof;United States;Unknown;51.97;178.33
Little Sitkin;United States;1830 CE;51.95;178.543
Semisopochnoi;United States;2023 CE;51.93;179.58
Gareloi;United States;1989 CE;51.79;-178.794
Tanaga;United States;1914 CE;51.885;-178.146
Takawangha;United States;1550 CE;51.873;-178.006
Bobrof;United States;Unknown;51.91;-177.438
Kanaga;United States;2023 CE;51.923;-177.168
Moffett;United States;1600 BCE;51.944;-176.747
Great Sitkin;United States;2025 CE;52.076;-176.13
Kasatochi;United States;2008 CE;52.177;-175.508
Koniuji;United States;1150 BCE;52.22;-175.13
Atka Volcanic Complex;United States;2025 CE;52.331;-174.139
Seguam;United States;1993 CE;52.315;-172.51
Amukta;United States;1996 CE;52.5;-171.252
Chagulak;United States;Unknown;52.5716;-171.1383
Yunaska;United States;1937 CE;52.6394;-170.6317
Herbert;United States;Unknown;52.742;-170.111
Carlisle;United States;1828 CE;52.894;-170.054
Cleveland;United States;2020 CE;52.825;-169.944
Tana;United States;Unknown;52.83;-169.77
Uliaga;United States;Unknown;53.065;-169.77
Kagamil;United States;1929 CE;52.974;-169.72
Vsevidof;United States;1878 CE;53.1264;-168.6875
Recheschnoi;United States;Unknown;53.157;-168.539
Okmok;United States;2008 CE;53.43;-168.13
Bogoslof;United States;2017 CE;53.93;-168.03
Makushin;United States;1995 CE;53.891;-166.923
Akutan;United States;1992 CE;54.134;-165.986
Westdahl;United States;1992 CE;54.516;-164.65
Fisher;United States;1830 CE;54.65;-164.43
Shishaldin;United States;2023 CE;54.756;-163.97
Roundtop;United States;7600 BCE;54.8;-163.589
Amak;United States;1796 CE;55.4184;-163.1472
Frosty;United States;Unknown;55.067;-162.835
Dutton;United States;Unknown;55.183;-162.276
Emmons Lake Volcanic Center;United States;Unknown;55.3519;-162.0445
Pavlof;United States;2022 CE;55.417;-161.894
Pavlof Sister;United States;Unknown;55.457;-161.854
Dana;United States;1890 BCE;55.641;-161.214
Stepovak Bay Group;United States;Unknown;55.917;-160.017
Kupreanof;United States;Unknown;56.011;-159.797
Veniaminof;United States;2021 CE;56.17;-159.38
Black Peak;United States;1900 BCE;56.552;-158.785
Aniakchak;United States;1931 CE;56.88;-158.17
Yantarni;United States;800 BCE;57.019;-157.185
Chiginagak;United States;1998 CE;57.135;-156.99
Kialagvik;United States;Unknown;57.203;-156.745
Ugashik-Peulik;United States;1814 CE;57.751;-156.368
Ukinrek Maars;United States;1977 CE;57.8344;-156.5203
Unnamed;United States;Unknown;57.87;-155.411
Martin;United States;1953 CE;58.172;-155.361
Mageik;United States;500 BCE;58.195;-155.253
Trident;United States;1974 CE;58.236;-155.1
Katmai;United States;1912 CE;58.279;-154.9533
Novarupta;United States;1912 CE;58.2655;-155.1588
Griggs;United States;1790 BCE;58.354;-155.092
Snowy Mountain;United States;1710 CE;58.336;-154.682
Denison;United States;Unknown;58.418;-154.449
Steller;United States;Unknown;58.4298;-154.3895
Kukak;United States;Unknown;58.453;-154.355
Kaguyak;United States;3850 BCE;58.6113;-154.0245
Fourpeaked;United States;2006 CE;58.77;-153.672
Douglas;United States;Unknown;58.855;-153.542
Augustine;United States;2006 CE;59.3626;-153.435
Iliamna;United States;1876 CE;60.032;-153.09
Redoubt;United States;2009 CE;60.485;-152.742
Spurr;United States;1992 CE;61.299;-152.251
Hayes;United States;1200 CE;61.64;-152.411
St. Paul Island;United States;1280 BCE;57.167;-170.213
Ingakslugwat Hills;United States;Unknown;61.43;-164.47
St. Michael;United States;Unknown;63.45;-162.12
Imuruk Lake;United States;300 CE;65.517;-163.45
Buzzard Creek;United States;1050 BCE;64.0616;-148.4327
Wrangell;United States;1912 CE;62.006;-144.017
Churchill;United States;847 CE;61.38;-141.75
Edgecumbe;United States;2080 BCE;57.05;-135.75
Duncan Canal;United States;Unknown;56.5;-133.1
Tlevak Strait-Suemez Island;United States;Unknown;55.25;-133.3
Behm Canal-Rudyerd Bay;United States;Unknown;55.35;-131
Fort Selkirk;Canada;Unknown;62.93;-137.38
Alligator Lake;Canada;Unknown;60.42;-135.42
Atlin Volcanic Field;Canada;Unknown;59.708;-133.358
Tuya Volcanic Field;Canada;Unknown;59.37;-130.58
Heart Peaks;Canada;Unknown;58.6;-131.97
Level Mountain;Canada;Unknown;58.42;-131.35
Edziza;Canada;950 CE;57.72;-130.63
Spectrum Range;Canada;Unknown;57.43;-130.68
Hoodoo Mountain;Canada;7050 BCE;56.78;-131.28
Iskut-Unuk River Cones;Canada;1800 CE;56.567;-130.75
Tseax River Cone;Canada;1690 CE;55.1109;-128.8991
Crow Lagoon;Canada;Unknown;54.7;-130.23
Milbanke Sound Group;Canada;Unknown;52.498;-128.723
Nazko;Canada;5220 BCE;52.928;-123.732
Wells Gray-Clearwater;Canada;1550 CE;52.0306;-120.1125
Silverthrone;Canada;Unknown;51.5179;-126.1133
Bridge River Cones;Canada;Unknown;50.8;-123.4
Meager;Canada;410 BCE;50.63;-123.5
Garibaldi Lake;Canada;Unknown;49.933;-123
Garibaldi;Canada;8060 BCE;49.85;-123
Cayley Volcanic Field;Canada;Unknown;50.12;-123.28
Baker;United States;1880 CE;48.777;-121.813
Glacier Peak;United States;1700 CE;48.112;-121.113
Rainier;United States;1450 CE;46.853;-121.76
Adams;United States;950 CE;46.206;-121.49
St. Helens;United States;2008 CE;46.2;-122.18
West Crater;United States;5750 BCE;45.88;-122.08
Indian Heaven;United States;6250 BCE;45.93;-121.82
Hood;United States;1866 CE;45.374;-121.695
Jefferson;United States;950 CE;44.674;-121.8
Blue Lake Crater;United States;680 CE;44.4125;-121.7686
Sand Mountain Field;United States;950 BCE;44.38;-121.93
Belknap;United States;475 CE;44.285;-121.8423
Three Sisters;United States;439 CE;44.133;-121.767
Bachelor;United States;5800 BCE;43.979;-121.688
Davis Lake;United States;2790 BCE;43.57;-121.82
Newberry;United States;690 CE;43.722;-121.229
Devils Garden;United States;Unknown;43.512;-120.861
Cinnamon Butte;United States;Unknown;43.2411;-122.1111
Crater Lake;United States;2850 BCE;42.942;-122.107
Diamond Craters;United States;5610 BCE;43.1;-118.75
Jordan Craters;United States;1250 BCE;43.147;-117.46
Shasta;United States;1250 CE;41.409;-122.193
Medicine Lake;United States;1060 CE;41.611;-121.554
Lassen Volcanic Center;United States;1917 CE;40.492;-121.508
Clear Lake Volcanic Field;United States;Unknown;38.97;-122.77
Mono Lake Volcanic Field;United States;1790 CE;38;-119.03
Mono-Inyo Craters;United States;1380 CE;37.804;-119.029
Mammoth Mountain;United States;1260 CE;37.631;-119.032
Ubehebe Craters;United States;150 BCE;37.02;-117.45
Salton Buttes;United States;210 CE;33.197;-115.616
Black Butte Crater Lava Field;United States;8180 BCE;43.183;-114.352
Craters of the Moon;United States;130 BCE;43.371;-113.493
Wapi Lava Field;United States;300 BCE;42.8859;-113.2166
Hell's Half Acre;United States;3250 BCE;43.492;-112.4503
Soda Lakes;United States;Unknown;39.525;-118.8778
Markagunt Plateau;United States;1050 CE;37.58;-112.67
Black Rock Desert;United States;1290 CE;38.97;-112.5
Carrizozo;United States;3250 BCE;33.78;-105.93
Zuni-Bandera;United States;1170 BCE;34.8;-108
Red Hill-Quemado;United States;9450 BCE;34.25;-108.83
Dotsero;United States;2200 BCE;39.6613;-107.0355
Uinkaret Field;United States;1100 CE;36.38;-113.13
San Francisco Volcanic Field;United States;1075 CE;35.347;-111.678
West Valley Segment;Canada;Unknown;48.78;-128.64
Endeavour Segment;Canada;3490 BCE;47.95;-129.1
Cobb Segment;Canada;1180 BCE;46.88;-129.33
CoAxial Segment;Undersea Features;1993 CE;46.52;-129.58
Axial Seamount;Undersea Features;2015 CE;45.95;-130
Cleft Segment;Undersea Features;1986 CE;44.83;-130.3
North Gorda Ridge Segment;United States;1996 CE;42.67;-126.78
Jackson Segment;United States;Unknown;42.15;-127.05
Escanaba Segment;United States;2260 BCE;40.98;-127.5
East Blanco Depression;Undersea Features;Unknown;44.267;-129.879
Kama'ehuakanaloa;United States;1996 CE;18.92;-155.27
Kilauea;United States;2025 CE;19.421;-155.287
Mauna Loa;United States;2022 CE;19.475;-155.608
Mauna Kea;United States;2460 BCE;19.82;-155.47
Hualalai;United States;1801 CE;19.692;-155.87
Haleakala;United States;1750 CE;20.7099;-156.2537
Teahitia;France;1985 CE;-17.564;-148.821
Rocard;France;1972 CE;-17.662;-148.586
Moua Pihaa;France;1970 CE;-18.325;-148.525
Mehetia;France;Unknown;-17.874;-148.068
Adams Seamount;United Kingdom;50 BCE;-25.37;-129.27
Macdonald;France;1989 CE;-28.98;-140.25
Northern EPR at 17 N;Mexico;50 BCE;16.55;-105.32
Northern EPR at 16 N;Mexico;50 BCE;15.83;-105.43
Northern EPR at 10.7 N;Undersea Features;2003 CE;10.73;-103.58
Northern EPR at 9.8 N;Undersea Features;2025 CE;9.83;-104.3
Galapagos Rift;Ecuador;1996 CE;0.792;-86.15
Southern EPR at 8 S;Undersea Features;1969 CE;-8.27;-107.95
Southern EPR at 17.5 S (Segment K);Undersea Features;1990 CE;-17.436;-113.206
Southern EPR at 18.2 S (Segment J);Undersea Features;1890 CE;-18.175;-113.35
Southern EPR at 18.5 S (Segment I);Undersea Features;1915 CE;-18.53;-113.42
Hollister Ridge;Undersea Features;Unknown;-53.998;-139.845
Udintsev Transform;Undersea Features;Unknown;-56.153;-143.373
Prieto, Cerro;Mexico;Unknown;32.418;-115.305
Pinacate;Mexico;Unknown;31.85;-113.5
San Luis, Isla;Mexico;1141 BCE;29.9728;-114.4082
Jaraguay Volcanic Field;Mexico;Unknown;29.33;-114.5
San Borja Volcanic Field;Mexico;Unknown;28.5;-113.75
Tortuga, Isla;Mexico;Unknown;27.438;-111.881
Comondu-La Purisima;Mexico;Unknown;26;-111.92
Barcena;Mexico;1953 CE;19.3;-110.82
Socorro;Mexico;1994 CE;18.78;-110.95
Durango Volcanic Field;Mexico;Unknown;24.15;-104.45
Sanganguey;Mexico;Unknown;21.45;-104.73
Ceboruco;Mexico;1875 CE;21.125;-104.508
Mascota Volcanic Field;Mexico;Unknown;20.567;-104.817
Colima;Mexico;2019 CE;19.514;-103.62
Michoacan-Guanajuato;Mexico;1952 CE;19.85;-101.75
Zitacuaro-Valle de Bravo;Mexico;3050 BCE;19.4;-100.25
Jocotitlan;Mexico;1270 CE;19.73;-99.758
Toluca, Nevado de;Mexico;1350 BCE;19.108;-99.758
Chichinautzin;Mexico;399 CE;19.139;-99.16
Iztaccihuatl;Mexico;Unknown;19.179;-98.642
Popocatepetl;Mexico;2025 CE;19.023;-98.622
Malinche, La;Mexico;1170 BCE;19.231;-98.032
Serdan-Oriental;Mexico;Unknown;19.27;-97.47
Humeros, Los;Mexico;4470 BCE;19.68;-97.45
Atlixcos, Los;Mexico;Unknown;19.81;-96.527
Naolinco Volcanic Field;Mexico;1200 BCE;19.67;-96.75
Cofre de Perote;Mexico;1150 CE;19.492;-97.15
Gloria, La;Mexico;Unknown;19.33;-97.25
Cumbres,  Las;Mexico;3920 BCE;19.15;-97.27
Orizaba, Pico de;Mexico;1846 CE;19.03;-97.27
San Martin;Mexico;1796 CE;18.57;-95.2
Chichon, El;Mexico;1982 CE;17.3602;-93.2297
Tacana;Mexico-Guatemala;1986 CE;15.132;-92.109
Tajumulco;Guatemala;Unknown;15.043;-91.903
Santa Maria;Guatemala;2025 CE;14.757;-91.552
Almolonga;Guatemala;1818 CE;14.797;-91.519
Atitlan;Guatemala;1853 CE;14.583;-91.186
Toliman;Guatemala;Unknown;14.612;-91.189
Acatenango;Guatemala;1972 CE;14.501;-90.876
Fuego;Guatemala;2025 CE;14.4748;-90.8806
Agua;Guatemala;Unknown;14.465;-90.743
Pacaya;Guatemala;2021 CE;14.382;-90.601
Cuilapa-Barbarena;Guatemala;Unknown;14.33;-90.4
Tecuamburro;Guatemala;960 BCE;14.156;-90.407
Jumaytepeque;Guatemala;Unknown;14.34;-90.271
Moyuta;Guatemala;Unknown;14.03;-90.1
Flores;Guatemala;Unknown;14.308;-89.992
Tahual;Guatemala;Unknown;14.43;-89.9
Santiago, Cerro;Guatemala;Unknown;14.33;-89.87
Suchitan;Guatemala;Unknown;14.4;-89.78
Chingo;Guatemala-El Salvador;Unknown;14.12;-89.73
Ixtepeque;Guatemala;Unknown;14.42;-89.68
Singuil, Cerro;El Salvador;Unknown;14.054;-89.631
Apaneca Range;El Salvador;Unknown;13.872;-89.742
Santa Ana;El Salvador;2005 CE;13.853;-89.63
Izalco;El Salvador;1966 CE;13.813;-89.633
Coatepeque Caldera;El Salvador;Unknown;13.87;-89.55
San Salvador;El Salvador;1917 CE;13.734;-89.294
Cinotepeque, Cerro;El Salvador;Unknown;14.02;-89.25
Ilopango;El Salvador;1880 CE;13.672;-89.053
San Vicente;El Salvador;Unknown;13.5969;-88.8375
Taburete;El Salvador;Unknown;13.435;-88.532
Tecapa;El Salvador;Unknown;13.494;-88.502
Usulutan;El Salvador;Unknown;13.419;-88.471
Tigre, El;El Salvador;Unknown;13.47;-88.43
Chinameca;El Salvador;Unknown;13.478;-88.33
San Miguel;El Salvador;2023 CE;13.434;-88.269
Aramuaca, Laguna;El Salvador;Unknown;13.428;-88.105
Tigre, Isla del;Honduras;Unknown;13.274;-87.639
Zacate Grande, Isla;Honduras;Unknown;13.33;-87.63
Yojoa, Lago;Honduras;7638 BCE;14.964;-87.983
Cosiguina;Nicaragua;1859 CE;12.98;-87.57
San Cristobal;Nicaragua;2024 CE;12.702;-87.004
Telica;Nicaragua;2025 CE;12.606;-86.84
Negro, Cerro;Nicaragua;1999 CE;12.506;-86.702
Las Pilas-El Hoyo Complex;Nicaragua;1954 CE;12.4922;-86.6786
Momotombo;Nicaragua;2016 CE;12.423;-86.539
Apoyeque;Nicaragua;50 BCE;12.242;-86.342
Nejapa-Miraflores;Nicaragua;1060 CE;12.12;-86.32
Masaya;Nicaragua;2025 CE;11.9844;-86.1688
Granada;Nicaragua;Unknown;11.9;-85.979
Mombacho;Nicaragua;Unknown;11.826;-85.968
Zapatera;Nicaragua;Unknown;11.73;-85.82
Concepcion;Nicaragua;2024 CE;11.538;-85.622
Orosi;Costa Rica;Unknown;10.98;-85.473
Rincon de la Vieja;Costa Rica;2024 CE;10.8314;-85.3364
Miravalles;Costa Rica;1946 CE;10.748;-85.153
Tenorio;Costa Rica;Unknown;10.673;-85.015
Arenal;Costa Rica;2010 CE;10.463;-84.703
Platanar;Costa Rica;Unknown;10.3;-84.366
Poas;Costa Rica;2025 CE;10.2;-84.233
Barva;Costa Rica;6050 BCE;10.135;-84.1
Irazu;Costa Rica;1977 CE;9.979;-83.852
Turrialba;Costa Rica;2022 CE;10.025;-83.767
Baru;Panama;1550 CE;8.808;-82.543
Romeral;Colombia;5390 BCE;5.203;-75.363
Bravo, Cerro;Colombia;1720 CE;5.091;-75.293
Ruiz, Nevado del;Colombia;2025 CE;4.892;-75.324
Santa Isabel;Colombia;850 BCE;4.818;-75.365
Tolima, Nevado del;Colombia;1943 CE;4.658;-75.33
Machin;Colombia;1180 CE;4.487;-75.389
Huila, Nevado del;Colombia;2012 CE;2.93;-76.03
Purace;Colombia;2025 CE;2.3095;-76.3948
Sotara;Colombia;Unknown;2.108;-76.592
Dona Juana;Colombia;1906 CE;1.5;-76.936
Galeras;Colombia;2014 CE;1.22;-77.37
Azufral;Colombia;930 BCE;1.08;-77.68
Cumbal;Colombia;1926 CE;0.95;-77.87
Chiles-Cerro Negro;Colombia-Ecuador;1936 CE;0.817;-77.938
Soche;Ecuador;6650 BCE;0.552;-77.58
Chachimbiro;Ecuador;3740 BCE;0.468;-78.287
Cuicocha;Ecuador;650 CE;0.308;-78.364
Imbabura;Ecuador;5550 BCE;0.258;-78.183
Mojanda;Ecuador;Unknown;0.13;-78.27
Cayambe;Ecuador;1786 CE;0.029;-77.986
Reventador;Ecuador;2025 CE;-0.077;-77.656
Pululahua;Ecuador;290 CE;0.0464;-78.49
Guagua Pichincha;Ecuador;2002 CE;-0.171;-78.598
Atacazo;Ecuador;320 BCE;-0.353;-78.617
Chacana;Ecuador;1773 CE;-0.375;-78.25
Antisana;Ecuador;1802 CE;-0.481;-78.141
Aliso;Ecuador;2450 BCE;-0.53;-78
Sumaco;Ecuador;1895 CE;-0.538;-77.626
Iliniza;Ecuador;Unknown;-0.662;-78.716
Cotopaxi;Ecuador;2023 CE;-0.677;-78.436
Quilotoa;Ecuador;1280 CE;-0.8592;-78.9044
Chimborazo;Ecuador;550 CE;-1.469;-78.817
Tungurahua;Ecuador;2016 CE;-1.467;-78.442
Licto;Ecuador;Unknown;-1.786;-78.614
Sangay;Ecuador;2025 CE;-2.005;-78.341
Fernandina;Ecuador;2024 CE;-0.37;-91.55
Ecuador;Ecuador;1150 CE;-0.02;-91.546
Wolf;Ecuador;2022 CE;0.02;-91.35
Darwin;Ecuador;1813 CE;-0.18;-91.28
Alcedo;Ecuador;1993 CE;-0.43;-91.12
Negra, Sierra;Ecuador;2018 CE;-0.83;-91.17
Azul, Cerro;Ecuador;2008 CE;-0.92;-91.408
Pinta;Ecuador;1928 CE;0.58;-90.75
Marchena;Ecuador;1991 CE;0.33;-90.47
Genovesa;Ecuador;Unknown;0.32;-89.958
Santiago;Ecuador;1906 CE;-0.22;-90.77
Santa Cruz;Ecuador;Unknown;-0.62;-90.33
San Cristobal;Ecuador;Unknown;-0.88;-89.5
Quimsachata-Oroscocha;Peru;4450 BCE;-14.131;-71.363
Auquihuato, Cerro;Peru;Unknown;-15.0726;-73.1914
Coropuna;Peru;Unknown;-15.52;-72.65
Andahua-Orcopampa;Peru;1490 CE;-15.42;-72.33
Huambo;Peru;700 BCE;-15.78;-72.08
Sabancaya;Peru;2025 CE;-15.787;-71.857
Misti, El;Peru;1985 CE;-16.2991;-71.4056
Ubinas;Peru;2024 CE;-16.345;-70.8972
Huaynaputina;Peru;1600 CE;-16.6144;-70.8542
Ticsani;Peru;1800 CE;-16.7586;-70.5981
Tutupaca;Peru;1802 CE;-17.026;-70.372
Yucamane;Peru;1320 BCE;-17.184;-70.196
Casiri, Nevados;Peru;Unknown;-17.4852;-69.7886
Taapaca;Chile;320 BCE;-18.1;-69.5
Parinacota;Chile-Bolivia;290 CE;-18.166;-69.142
Guallatiri;Chile;1960 CE;-18.42;-69.092
Isluga;Chile;1913 CE;-19.15;-68.83
Tata Sabaya;Bolivia;Unknown;-19.13;-68.53
Irruputuncu;Chile-Bolivia;1995 CE;-20.73;-68.55
Olca-Paruma;Chile-Bolivia;Unknown;-20.939;-68.413
Putana;Chile;1810 CE;-22.557;-67.853
Sairecabur;Chile-Bolivia;Unknown;-22.719;-67.891
Licancabur;Chile-Bolivia;Unknown;-22.83;-67.88
Guayaques;Chile-Bolivia;Unknown;-22.895;-67.566
Purico Complex;Chile;Unknown;-23;-67.75
Colachi;Chile;Unknown;-23.236;-67.645
Acamarachi;Chile;Unknown;-23.292;-67.618
Chiliques;Chile;Unknown;-23.58;-67.7
Lascar;Chile;2023 CE;-23.37;-67.73
Cordon de Puntas Negras;Chile;Unknown;-23.743;-67.534
Miniques;Chile;Unknown;-23.82;-67.77
Tujle, Cerro;Chile;Unknown;-23.83;-67.95
Caichinque;Chile;Unknown;-23.949;-67.74
Tilocalar;Chile;Unknown;-23.97;-68.13
Pular;Chile;Unknown;-24.188;-68.054
Negrillar, La;Chile;Unknown;-24.319;-68.59
Socompa;Chile-Argentina;5250 BCE;-24.396;-68.246
Llullaillaco;Chile-Argentina;1877 CE;-24.72;-68.53
Corrida de Cori Volcanic Field;Chile-Argentina;Unknown;-25.083;-68.367
Lastarria;Chile-Argentina;Unknown;-25.168;-68.507
Cordon del Azufre;Chile-Argentina;Unknown;-25.336;-68.521
Bayo Gorbea, Cerro;Chile-Argentina;Unknown;-25.414;-68.588
Nevada, Sierra;Chile-Argentina;Unknown;-26.48;-68.58
Falso Azufre;Chile-Argentina;Unknown;-26.8;-68.37
Incahuasi, Nevado de;Chile-Argentina;Unknown;-27.033;-68.296
Ojos del Salado, Nevados;Chile-Argentina;750 CE;-27.109;-68.541
Solo, El;Chile-Argentina;Unknown;-27.105;-68.713
Aracar;Argentina;Unknown;-24.29;-67.783
Unnamed;Argentina;Unknown;-25.078;-68.266
Condor, El;Argentina;Unknown;-26.632;-68.361
Peinado;Argentina;Unknown;-26.623;-68.116
Blanco, Cerro;Argentina;2300 BCE;-26.7657;-67.746
Tipas;Argentina;Unknown;-27.196;-68.561
Rapa Nui;Chile;Unknown;-27.114;-109.356
Tupungatito;Chile-Argentina;1987 CE;-33.425;-69.797
San Jose;Chile-Argentina;1960 CE;-33.789;-69.895
Maipo;Chile-Argentina;1912 CE;-34.164;-69.832
Palomo;Chile;Unknown;-34.608;-70.295
Atuel, Caldera del;Argentina;Unknown;-34.592;-69.921
Risco Plateado;Argentina;Unknown;-34.917;-69.981
Tinguiririca;Chile;1917 CE;-34.814;-70.352
Planchon-Peteroa;Chile;2019 CE;-35.223;-70.568
Infiernillo;Argentina;6890 BCE;-35.123;-69.9
Calabozos;Chile;Unknown;-35.558;-70.496
Descabezado Grande;Chile;1933 CE;-35.58;-70.75
Azul, Cerro;Chile;1967 CE;-35.653;-70.761
Maule, Laguna del;Chile;50 BCE;-36.058;-70.492
San Pedro-Pellado;Chile;Unknown;-35.989;-70.849
Longavi, Nevado de;Chile;4890 BCE;-36.1959;-71.1641
Blancas, Lomas;Chile;Unknown;-36.286;-71.009
Resago, Volcan;Chile;Unknown;-36.4606;-70.9033
Payun Matru;Argentina;5050 BCE;-36.422;-69.241
Chillan, Nevados de;Chile;2022 CE;-36.868;-71.378
Tromen Volcanic Plateau;Argentina;1822 CE;-37.144;-70.033
Antuco;Chile;1869 CE;-37.406;-71.349
Copahue;Chile-Argentina;2024 CE;-37.856;-71.183
Callaqui;Chile;1980 CE;-37.92;-71.45
Tolhuaca;Chile;4000 BCE;-38.31;-71.645
Lonquimay;Chile;1990 CE;-38.379;-71.586
Blanca, Laguna;Argentina;Unknown;-39.02;-70.37
Llaima;Chile;2009 CE;-38.692;-71.729
Sollipulli;Chile;1240 CE;-38.97;-71.52
Caburgua-Huelemolle;Chile;5050 BCE;-39.25;-71.75
Villarrica;Chile;2025 CE;-39.42;-71.93
Quetrupillan;Chile;255 CE;-39.496;-71.722
Lanin;Chile-Argentina;560 CE;-39.637;-71.502
Huanquihue Group;Argentina;1750 CE;-39.887;-71.58
Mocho-Choshuenco;Chile;1937 CE;-39.927;-72.027
Carran-Los Venados;Chile;1979 CE;-40.35;-72.07
Puyehue-Cordon Caulle;Chile;2012 CE;-40.59;-72.117
Antillanca Volcanic Complex;Chile;230 BCE;-40.783;-72.15
Puntiagudo-Cordon Cenizos;Chile;1850 CE;-40.969;-72.264
Osorno;Chile;1869 CE;-41.105;-72.496
Tronador;Chile-Argentina;Unknown;-41.157;-71.885
Cayutue-La Vigueria;Chile;190 BCE;-41.3;-72.27
Calbuco;Chile;2015 CE;-41.33;-72.618
Yate;Chile;1090 CE;-41.755;-72.396
Hornopiren;Chile;340 CE;-41.874;-72.431
Apagado;Chile;590 BCE;-41.88;-72.58
Crater Basalt Volcanic Field;Argentina;Unknown;-42.018;-70.194
Huequi;Chile;1920 CE;-42.377;-72.578
Michinmahuida;Chile;1835 CE;-42.799;-72.445
Chaiten;Chile;2011 CE;-42.8349;-72.6514
Yanteles;Chile;6650 BCE;-43.469;-72.782
Corcovado;Chile;4920 BCE;-43.189;-72.794
Melimoyu;Chile;200 CE;-44.08;-72.88
Puyuhuapi;Chile;Unknown;-44.3;-72.53
Mentolat;Chile;1710 CE;-44.7;-73.08
Cay;Chile;Unknown;-45.059;-72.984
Maca;Chile;1560 CE;-45.1;-73.17
Hudson, Cerro;Chile;2011 CE;-45.9;-72.97
Lautaro;Chile;1979 CE;-49.019;-73.504
Aguilera;Chile;1253 BCE;-50.33;-73.75
Reclus;Chile;1908 CE;-50.9395;-73.5802
Meullin;Chile;Unknown;-45.22;-73.05
Burney, Monte;Chile;1910 CE;-52.33;-73.4
Pali-Aike Volcanic Field;Chile-Argentina;5550 BCE;-52.082;-69.698
Fueguino;Chile;1820 CE;-54.97;-70.262
Saba;Netherlands;1640 CE;17.63;-63.23
Quill, The;Netherlands;250 CE;17.478;-62.96
Liamuiga;Saint Kitts and Nevis;160 CE;17.37;-62.8
Nevis Peak;Saint Kitts and Nevis;Unknown;17.15;-62.58
Soufriere Hills;United Kingdom;2013 CE;16.72;-62.18
Soufriere Guadeloupe;France;1977 CE;16.044;-61.664
Diables, Morne aux;Dominica;Unknown;15.612;-61.43
Diablotins, Morne;Dominica;Unknown;15.503;-61.397
Trois Pitons, Morne;Dominica;920 CE;15.37;-61.33
Watt, Morne;Dominica;1997 CE;15.307;-61.305
Plat Pays, Morne;Dominica;1270 CE;15.255;-61.341
Pelee;France;1932 CE;14.809;-61.166
Qualibou;Saint Lucia;1766 CE;13.83;-61.05
Soufriere St. Vincent;Saint Vincent and the Grenadines;2021 CE;13.33;-61.18
Kick 'em Jenny;Grenada;2017 CE;12.3;-61.64
St. Catherine;Grenada;Unknown;12.15;-61.67
Snaefellsjokull;Iceland;200 CE;64.8;-23.783
Helgrindur;Iceland;Unknown;64.866;-23.283
Ljosufjoll;Iceland;960 CE;64.9;-22.483
Reykjanes;Iceland;2025 CE;63.817;-22.717
Eldey;Iceland;1926 CE;63.733;-23
Krysuvik-Trolladyngja;Iceland;1340 CE;63.917;-22.067
Fagradalsfjall;Iceland;2023 CE;63.895;-22.258
Brennisteinsfjoll;Iceland;1341 CE;63.933;-21.783
Hengill;Iceland;150 CE;64.083;-21.416
Hromundartindur;Iceland;Unknown;64.083;-21.333
Grimsnes;Iceland;3500 BCE;64.05;-20.883
Prestahnukur;Iceland;3350 BCE;64.583;-20.666
Oddnyjarhnjukur-Langjokull;Iceland;950 CE;64.85;-19.7
Hofsjokull;Iceland;Unknown;64.833;-18.766
Vestmannaeyjar;Iceland;1973 CE;63.416;-20.266
Eyjafjallajokull;Iceland;2010 CE;63.633;-19.633
Katla;Iceland;1918 CE;63.633;-19.083
Tindfjallajokull;Iceland;Unknown;63.783;-19.716
Torfajokull;Iceland;1477 CE;63.892;-19.122
Hekla;Iceland;2000 CE;63.983;-19.666
Grimsvotn;Iceland;2011 CE;64.416;-17.316
Thordarhyrna;Iceland;1904 CE;64.267;-17.617
Bardarbunga;Iceland;2015 CE;64.633;-17.516
Tungnafellsjokull;Iceland;Unknown;64.75;-17.916
Kverkfjoll;Iceland;1968 CE;64.653;-16.647
Askja;Iceland;1961 CE;65.033;-16.783
Fremrinamar;Iceland;1200 BCE;65.416;-16.666
Krafla;Iceland;1984 CE;65.715;-16.728
Heidarspordar;Iceland;300 BCE;65.583;-16.817
Theistareykir;Iceland;900 BCE;65.883;-16.967
Tjornes Fracture Zone;Iceland;1868 CE;66.309;-17.118
Oraefajokull;Iceland;1728 CE;64;-16.65
Esjufjoll;Iceland;Unknown;64.25;-16.583
Snaefell;Iceland;Unknown;64.798;-15.56
Kolbeinsey Ridge;Iceland;1755 CE;66.67;-18.5
Jan Mayen;Norway;1985 CE;71.082;-8.155
East Gakkel Ridge at 85 E;Undersea Features;1999 CE;85.608;85.25
Pico Fracture Zone;Undersea Features;1865 CE;38.75;-38.08
Flores;Portugal;950 BCE;39.462;-31.216
Fayal;Portugal;1958 CE;38.576;-28.713
Pico;Portugal;1720 CE;38.47;-28.4
Sao Jorge;Portugal;1902 CE;38.65;-28.08
Graciosa;Portugal;1950 BCE;39.02;-27.97
Terceira;Portugal;2000 CE;38.73;-27.32
Don Joao de Castro Bank;Portugal;1720 CE;38.23;-26.63
Sete Cidades;Portugal;1880 CE;37.865;-25.785
Picos Fissural Volcanic System;Portugal;1652 CE;37.78;-25.67
Agua de Pau;Portugal;1564 CE;37.77;-25.47
Furnas;Portugal;1630 CE;37.77;-25.32
Monaco Bank;Portugal;1911 CE;37.6;-25.88
Madeira;Portugal;4500 BCE;32.73;-16.97
La Palma;Spain;2021 CE;28.57;-17.83
Hierro;Spain;2012 CE;27.73;-18.03
Tenerife;Spain;1909 CE;28.271;-16.641
Gran Canaria;Spain;40 CE;28;-15.58
Fuerteventura;Spain;Unknown;28.358;-14.02
Lanzarote;Spain;1824 CE;29.03;-13.63
Fogo;Cabo Verde;2015 CE;14.95;-24.35
Brava;Cabo Verde;Unknown;14.8514;-24.7041
Romanche Fracture Zone;Undersea Features;Unknown;-0.433;-19.596
Ascension;United Kingdom;1508 CE;-7.9458;-14.3667
Walvis Ridge at 33 S;Undersea Features;2002 CE;-32.958;-5.22
Tristan da Cunha;United Kingdom;1962 CE;-37.092;-12.28
Nightingale Island;United Kingdom;2004 CE;-37.42;-12.48
Bouvet;Norway;50 BCE;-54.408;3.351
Buckle Island;Antarctica;1899 CE;-66.78;163.25
Young Island;Antarctica;Unknown;-66.42;162.47
Sturge Island;Antarctica;Unknown;-67.4;164.83
Pleiades, The;Antarctica;1050 BCE;-72.67;165.5
Melbourne;Antarctica;1892 CE;-74.35;164.7
Unnamed;Antarctica;Unknown;-76.83;163
Morning;Antarctica;Unknown;-78.5;163.53
Erebus;Antarctica;2025 CE;-77.53;167.17
Royal Society Range;Antarctica;Unknown;-78.25;163.33
Berlin;Antarctica;8350 BCE;-76.05;-136
Andrus;Antarctica;Unknown;-75.8;-132.33
Takahe;Antarctica;5550 BCE;-76.28;-112.08
Hudson Mountains;Antarctica;207 BCE;-74.33;-99.42
Deception Island;Antarctica;1970 CE;-62.9567;-60.6367
Penguin Island;Antarctica;1905 CE;-62.1;-57.93
Bridgeman Island;Antarctica;Unknown;-62.063;-56.713
Paulet;Antarctica;Unknown;-63.579;-55.78
Southern Thule;United Kingdom;1975 CE;-59.442;-27.225
Bristol Island;United Kingdom;2016 CE;-59.017;-26.533
Montagu Island;United Kingdom;2007 CE;-58.445;-26.374
Saunders;United Kingdom;2025 CE;-57.8;-26.483
Candlemas Island;United Kingdom;1911 CE;-57.08;-26.67
Hodson;United Kingdom;Unknown;-56.712;-27.176
Leskov Island;United Kingdom;Unknown;-56.656;-28.14
Zavodovski;United Kingdom;2016 CE;-56.3;-27.57
Protector Seamounts;United Kingdom;1962 CE;-55.912;-28.167
Mount Haddington Volcanic Field;Antarctica;Unknown;-64.15;-57.75
Melville;Antarctica;Unknown;-62.02;-57.67
